fingerprint,record_count,source_type,source_id,attachment_id,usage_type,source_filename,classification
ce4af3a10d03e48f,2,product,349,397,product_featured,2024/04/Beauty-Line-By-Didi-Brow-Gasm-Eye-Brow-Pencil.webp,SHARED
ce4af3a10d03e48f,2,page,629,397,page_image,2024/04/Beauty-Line-By-Didi-Brow-Gasm-Eye-Brow-Pencil.webp,SHARED
a1525ea7b7f9a5f6,2,product,331,3866,product_featured,2024/04/51fzAcW78WL._SL1500_.jpg,SHARED
a1525ea7b7f9a5f6,2,product,331,3866,product_featured,2024/04/51fzAcW78WL._SL1500_.jpg,SHARED
27ed0fbf91fa80de,2,product,52,1953,product_featured,2024/05/Yanga-Beauty-Concealer-2.webp,SHARED
27ed0fbf91fa80de,2,product,52,1953,product_featured,2024/05/Yanga-Beauty-Concealer-2.webp,SHARED
a88470390ecd3ebd,2,product,51,1831,product_featured,2024/05/Yanga-Beauty-Setting-Powder.jpg,SHARED
a88470390ecd3ebd,2,product,51,1831,product_featured,2024/05/Yanga-Beauty-Setting-Powder.jpg,SHARED
2bd6f89389a35277,2,product,35,760,product_featured,2024/04/belle.jpg,SHARED
2bd6f89389a35277,2,variant,757,760,variant_image,2024/04/belle.jpg,SHARED
194e9e33ed74c3bb,2,product,34,762,product_featured,2024/04/khaki.jpg,SHARED
194e9e33ed74c3bb,2,variant,759,762,variant_image,2024/04/khaki.jpg,SHARED
ca0c9357bdb5cc85,9,product,25,5958,product_gallery,2024/04/C270E189-B9F4-487F-A6EA-4AF2FADF59DC.jpeg,SHARED
ca0c9357bdb5cc85,9,variant,909,5958,variant_image,2024/04/C270E189-B9F4-487F-A6EA-4AF2FADF59DC.jpeg,SHARED
ca0c9357bdb5cc85,9,variant,910,5958,variant_image,2024/04/C270E189-B9F4-487F-A6EA-4AF2FADF59DC.jpeg,SHARED
ca0c9357bdb5cc85,9,variant,911,5958,variant_image,2024/04/C270E189-B9F4-487F-A6EA-4AF2FADF59DC.jpeg,SHARED
ca0c9357bdb5cc85,9,variant,912,5958,variant_image,2024/04/C270E189-B9F4-487F-A6EA-4AF2FADF59DC.jpeg,SHARED
ca0c9357bdb5cc85,9,variant,913,5958,variant_image,2024/04/C270E189-B9F4-487F-A6EA-4AF2FADF59DC.jpeg,SHARED
ca0c9357bdb5cc85,9,variant,914,5958,variant_image,2024/04/C270E189-B9F4-487F-A6EA-4AF2FADF59DC.jpeg,SHARED
ca0c9357bdb5cc85,9,variant,915,5958,variant_image,2024/04/C270E189-B9F4-487F-A6EA-4AF2FADF59DC.jpeg,SHARED
ca0c9357bdb5cc85,9,variant,916,5958,variant_image,2024/04/C270E189-B9F4-487F-A6EA-4AF2FADF59DC.jpeg,SHARED
b266774e23b436d1,2,product,22,928,product_featured,2024/04/Tehila-Rosy-Cheek-Blush-Palette1.jpg,SHARED
b266774e23b436d1,2,variant,926,928,variant_image,2024/04/Tehila-Rosy-Cheek-Blush-Palette1.jpg,SHARED
cb18ec387bad14c6,2,product,315,1044,product_featured,2024/04/Hadalabo-Premium-Gold-170Ml.jpg,SHARED
cb18ec387bad14c6,2,page,629,1044,page_image,2024/04/Hadalabo-Premium-Gold-170Ml.jpg,SHARED
fd84fbb01178d90a,2,product,118,1070,product_featured,2024/04/Luzta-Eye-Shadow-mint1.jpg,SHARED
fd84fbb01178d90a,2,variant,1067,1070,variant_image,2024/04/Luzta-Eye-Shadow-mint1.jpg,SHARED
28ba43770bb2ca95,2,product,303,1086,product_featured,2024/04/Koji-San-Soap-100G-3In1.webp,SHARED
28ba43770bb2ca95,2,page,629,1086,page_image,2024/04/Koji-San-Soap-100G-3In1.webp,SHARED
c0b68bec7fccbb94,2,product,107,3996,product_gallery,2024/09/60F77F0D-25ED-42C0-AD73-F657C52A487F.jpeg,SHARED
c0b68bec7fccbb94,2,variant,3995,3996,variant_image,2024/09/60F77F0D-25ED-42C0-AD73-F657C52A487F.jpeg,SHARED
44a12e2afe2de4b5,2,product,106,4008,product_featured,2024/09/2CE7CDF4-F606-4509-8E14-362EAA8A3C4C.jpeg,SHARED
44a12e2afe2de4b5,2,product,106,4008,product_featured,2024/09/2CE7CDF4-F606-4509-8E14-362EAA8A3C4C.jpeg,SHARED
adfd0fe1c5d911eb,2,product,244,15179,product_featured,2024/04/amlactin.webp,SHARED
adfd0fe1c5d911eb,2,variant,15236,15179,variant_image,2024/04/amlactin.webp,SHARED
8f7dd741130e0983,2,product,234,1218,product_featured,2024/04/Touch-Bright-And-Clear-Cream-2-Oz-56.7.webp,SHARED
8f7dd741130e0983,2,page,629,1218,page_image,2024/04/Touch-Bright-And-Clear-Cream-2-Oz-56.7.webp,SHARED
613d3a4f2f826947,2,product,227,8667,product_featured,2024/04/IMG_0609.jpeg,SHARED
613d3a4f2f826947,2,product,11698,8667,product_gallery,2024/04/IMG_0609.jpeg,SHARED
154c35a220e94f49,2,product,227,8666,product_gallery,2024/04/IMG_0607.jpeg,SHARED
154c35a220e94f49,2,product,11698,8666,product_gallery,2024/04/IMG_0607.jpeg,SHARED
2590c1b18aa90fc4,2,product,227,8668,product_gallery,2024/04/IMG_0608.jpeg,SHARED
2590c1b18aa90fc4,2,product,11698,8668,product_gallery,2024/04/IMG_0608.jpeg,SHARED
2334c25951a6778c,2,product,90,1433,product_featured,2024/04/Omaricode-Skin-Mist-100Ml.jpg,SHARED
2334c25951a6778c,2,variant,1431,1433,variant_image,2024/04/Omaricode-Skin-Mist-100Ml.jpg,SHARED
573f6610a35b3ad8,2,product,87,1563,product_featured,2024/04/Soo-Pro-Lip-Gloss.jpg,SHARED
573f6610a35b3ad8,2,page,629,1563,page_image,2024/04/Soo-Pro-Lip-Gloss.jpg,SHARED
8ce365f20894b3d9,2,product,86,1569,product_featured,2024/04/Soo-Pro-Lipstain.jpg,SHARED
8ce365f20894b3d9,2,page,629,1569,page_image,2024/04/Soo-Pro-Lipstain.jpg,SHARED
ce53d1b7c06b4bcf,2,product,85,1578,product_featured,2024/04/Soo-Pro-Highlighter-shades1.jpg,SHARED
ce53d1b7c06b4bcf,2,product,85,1578,product_featured,2024/04/Soo-Pro-Highlighter-shades1.jpg,SHARED
a3b4a726fd9f47c6,2,product,69,1608,product_featured,2024/04/Msmetics-14In1-Lash-Set-Betrothed.jpg,SHARED
a3b4a726fd9f47c6,2,variant,1505,1608,variant_image,2024/04/Msmetics-14In1-Lash-Set-Betrothed.jpg,SHARED
5a52e50aa0aa7ab2,2,product,66,3975,product_featured,2024/04/4B15A2D3-2014-4E61-B5FC-A66EE1E36A21.jpeg,SHARED
5a52e50aa0aa7ab2,2,product,66,3975,product_featured,2024/04/4B15A2D3-2014-4E61-B5FC-A66EE1E36A21.jpeg,SHARED
0994c0b2f564c768,2,product,1759,1867,product_featured,2024/05/Naturium-The-Perfector-Salicylic-Acid-Body-Wash-500Ml.webp,DUPLICATE_CANDIDATE
0994c0b2f564c768,2,unused,18394,18394,unused,2026/02/Naturium-The-Perfector-Salicylic-Acid-Body-Wash-500Ml.webp,DUPLICATE_CANDIDATE
1946011ddd55dc3e,2,product,1721,1908,product_featured,2024/05/Ezanic-Azelaic-Acid-Gel.jpg,SHARED
1946011ddd55dc3e,2,page,629,1908,page_image,2024/05/Ezanic-Azelaic-Acid-Gel.jpg,SHARED
0f64bc705e188580,2,product,1713,1916,product_featured,2024/05/Davies-Brow-Pencil-03-Pack-Of-12.jpg,SHARED
0f64bc705e188580,2,page,629,1916,page_image,2024/05/Davies-Brow-Pencil-03-Pack-Of-12.jpg,SHARED
44875a0d3bf9a518,2,product,1709,1920,product_featured,2024/05/Classic-Super-Hold-Lash-Glue.jpg,SHARED
44875a0d3bf9a518,2,page,629,1920,page_image,2024/05/Classic-Super-Hold-Lash-Glue.jpg,SHARED
8ba0ba9a31152c08,2,product,1687,5925,product_featured,2024/05/7E3F263C-D076-42A7-B4D4-B9E67DF97E2A.jpeg,SHARED
8ba0ba9a31152c08,2,product,1687,5925,product_featured,2024/05/7E3F263C-D076-42A7-B4D4-B9E67DF97E2A.jpeg,SHARED
6ed5f6b4bb13f36e,2,product,1683,4732,product_featured,2024/05/FF211E21-8763-4C6A-8D2B-816F1323091F.jpeg,SHARED
6ed5f6b4bb13f36e,2,page,629,4732,page_image,2024/05/FF211E21-8763-4C6A-8D2B-816F1323091F.jpeg,SHARED
42fbdc97b10bf1a5,2,product,2376,2380,product_featured,2024/08/Ben-Nye-Clown-White-cw2.jpg,SHARED
42fbdc97b10bf1a5,2,variant,2378,2380,variant_image,2024/08/Ben-Nye-Clown-White-cw2.jpg,SHARED
4170bb44ad4c21b8,2,product,2321,2386,product_featured,2024/08/Anua-Niacinamide-10-x-TXA-4-30ml.webp,SHARED
4170bb44ad4c21b8,2,page,629,2386,page_image,2024/08/Anua-Niacinamide-10-x-TXA-4-30ml.webp,SHARED
1057125d964d2681,3,product,2367,2389,product_featured,2024/08/Absolute-lip-gloss-clear.png,SHARED
1057125d964d2681,3,page,9,2389,page_image,2024/08/Absolute-lip-gloss-clear.png,SHARED
1057125d964d2681,3,page,629,2389,page_image,2024/08/Absolute-lip-gloss-clear.png,SHARED
acaed108df754f2a,2,product,2322,7787,product_featured,2024/08/s-l1600.webp,SHARED
acaed108df754f2a,2,product,2322,7787,product_featured,2024/08/s-l1600.webp,SHARED
8bbe243dcb1a46ab,2,product,2338,2730,product_featured,2024/08/Embryolisse.jpg,SHARED
8bbe243dcb1a46ab,2,product,15865,2730,product_featured,2024/08/Embryolisse.jpg,SHARED
19858685ec161902,2,product,1699,13933,product_gallery,2024/05/WhatsApp-Image-2025-08-26-at-22.50.56.jpeg,SHARED
19858685ec161902,2,variant,13936,13933,variant_image,2024/05/WhatsApp-Image-2025-08-26-at-22.50.56.jpeg,SHARED
2b3e096d94e945e4,2,product,3608,3609,product_featured,2024/09/frudia-pomegranate-honey-3in1-lip-balm-10ml-743.jpg,SHARED
2b3e096d94e945e4,2,product,3608,3609,product_featured,2024/09/frudia-pomegranate-honey-3in1-lip-balm-10ml-743.jpg,SHARED
f1ed50d575429e14,2,product,3610,3611,product_featured,2024/09/frudia-my-orchard-hand-cream-30g-pineapple-893.jpg,SHARED
f1ed50d575429e14,2,product,3610,3611,product_featured,2024/09/frudia-my-orchard-hand-cream-30g-pineapple-893.jpg,SHARED
97b22f24b0493041,2,product,3614,3615,product_featured,2024/09/frudia-my-orchard-hand-cream-30g-dragon-fruit-503.jpg,SHARED
97b22f24b0493041,2,product,3614,3615,product_featured,2024/09/frudia-my-orchard-hand-cream-30g-dragon-fruit-503.jpg,SHARED
592a82d928697d2c,2,product,3619,3621,product_featured,2024/09/WhatsApp-Image-2024-09-12-at-20.05.26.jpeg,SHARED
592a82d928697d2c,2,product,3619,3621,product_featured,2024/09/WhatsApp-Image-2024-09-12-at-20.05.26.jpeg,SHARED
d8384ae5ea66302f,2,product,3629,3628,product_featured,2024/09/cosrx-acne-pimple-master-patch-52.jpg,SHARED
d8384ae5ea66302f,2,product,3629,3628,product_featured,2024/09/cosrx-acne-pimple-master-patch-52.jpg,SHARED
30810ceabca55e92,2,product,3840,3841,product_featured,2024/09/NATR_TheEnergizer_bonebkgd_front_700x.webp,SHARED
30810ceabca55e92,2,product,3840,3841,product_featured,2024/09/NATR_TheEnergizer_bonebkgd_front_700x.webp,SHARED
f3e54b38e47b6ad6,2,product,3843,3844,product_featured,2024/09/Naturium_Mandelic_Acid_Front_CapOn_Bone_1_700x.webp,SHARED
f3e54b38e47b6ad6,2,product,3843,3844,product_featured,2024/09/Naturium_Mandelic_Acid_Front_CapOn_Bone_1_700x.webp,SHARED
752f1065dbed8f73,2,product,3845,3846,product_featured,2024/09/Naturium_Azaleic_Acid_Front_CapOn_Bone_1_700x.webp,SHARED
752f1065dbed8f73,2,product,3845,3846,product_featured,2024/09/Naturium_Azaleic_Acid_Front_CapOn_Bone_1_700x.webp,SHARED
2c866df5aeae3445,2,product,3848,3849,product_featured,2024/09/anua-cleansing-oil.jpg,SHARED
2c866df5aeae3445,2,product,3848,3849,product_featured,2024/09/anua-cleansing-oil.jpg,SHARED
dbab77f79753ddf0,2,product,3851,3852,product_featured,2024/09/41zTfqwVqJL._SL1000_.jpg,SHARED
dbab77f79753ddf0,2,product,3851,3852,product_featured,2024/09/41zTfqwVqJL._SL1000_.jpg,SHARED
bb7f22a05afb23b8,2,product,3853,3855,product_featured,2024/09/41-YpT9x1zL._AC_SL1000_.jpg,SHARED
bb7f22a05afb23b8,2,product,3853,3855,product_featured,2024/09/41-YpT9x1zL._AC_SL1000_.jpg,SHARED
84bc2b8d84e913ce,2,product,3856,3861,product_featured,2024/09/41UsAM1r9bL._SL1000_.jpg,SHARED
84bc2b8d84e913ce,2,product,3856,3861,product_featured,2024/09/41UsAM1r9bL._SL1000_.jpg,SHARED
9912b563c0174c36,2,product,3867,3868,product_featured,2024/09/61cqYjrfmgL._SL1500_.jpg,SHARED
9912b563c0174c36,2,product,3867,3868,product_featured,2024/09/61cqYjrfmgL._SL1500_.jpg,SHARED
c17ef8296146df0b,2,product,3869,3870,product_featured,2024/09/61pZYk39BL._SL1500_.jpg,SHARED
c17ef8296146df0b,2,product,3869,3870,product_featured,2024/09/61pZYk39BL._SL1500_.jpg,SHARED
4dbfb260af4dcbe9,2,product,3871,3874,product_featured,2024/09/716eYR4n-qL._SL1500_.jpg,SHARED
4dbfb260af4dcbe9,2,product,3871,3874,product_featured,2024/09/716eYR4n-qL._SL1500_.jpg,SHARED
03b319723f75e13b,2,product,3876,3877,product_featured,2024/09/710HqR5DfSL._SL1500_.jpg,SHARED
03b319723f75e13b,2,product,3876,3877,product_featured,2024/09/710HqR5DfSL._SL1500_.jpg,SHARED
35233171aeff9391,2,product,3878,3881,product_featured,2024/09/81ZCXGWw-VL._SL1500_.jpg,SHARED
35233171aeff9391,2,product,3878,3881,product_featured,2024/09/81ZCXGWw-VL._SL1500_.jpg,SHARED
2ed86782f03c7713,2,product,3885,3886,product_featured,2024/09/61hWvsTXqBL._AC_SL1500_.jpg,SHARED
2ed86782f03c7713,2,product,3885,3886,product_featured,2024/09/61hWvsTXqBL._AC_SL1500_.jpg,SHARED
fcba8827a9bc4af5,2,product,3887,3888,product_featured,2024/09/81-eXZo212L._AC_SL1500_.jpg,SHARED
fcba8827a9bc4af5,2,product,3887,3888,product_featured,2024/09/81-eXZo212L._AC_SL1500_.jpg,SHARED
5ef13c6408dab264,2,product,4013,4014,product_featured,2024/09/CBE1C014-7128-4FB4-B2BB-9E00DB6E2394.jpeg,SHARED
5ef13c6408dab264,2,product,4013,4014,product_featured,2024/09/CBE1C014-7128-4FB4-B2BB-9E00DB6E2394.jpeg,SHARED
0b2559e2ff80e07d,2,product,4015,4016,product_featured,2024/09/6BB39F7A-67BB-41E1-8437-5E2FD677182D.jpeg,SHARED
0b2559e2ff80e07d,2,product,4015,4016,product_featured,2024/09/6BB39F7A-67BB-41E1-8437-5E2FD677182D.jpeg,SHARED
0bff5e5b5dbe17eb,2,product,4020,4021,product_featured,2024/09/D42F2130-0FE0-422C-BC15-9401AE6DCD95.jpeg,SHARED
0bff5e5b5dbe17eb,2,product,4020,4021,product_featured,2024/09/D42F2130-0FE0-422C-BC15-9401AE6DCD95.jpeg,SHARED
2ae86328c40a7c37,2,product,4022,4023,product_featured,2024/09/5F83FC9D-2CA3-45A2-B2D6-3745B55734A7.jpeg,SHARED
2ae86328c40a7c37,2,product,4022,4023,product_featured,2024/09/5F83FC9D-2CA3-45A2-B2D6-3745B55734A7.jpeg,SHARED
5280308d5caaf306,2,product,4025,4026,product_featured,2024/09/34772B1A-B2AC-4A63-93A8-86CE894247AD.jpeg,SHARED
5280308d5caaf306,2,product,4025,4026,product_featured,2024/09/34772B1A-B2AC-4A63-93A8-86CE894247AD.jpeg,SHARED
bf772ea23b84271e,2,product,4027,4028,product_featured,2024/09/E337812A-9E1E-44FC-8A4B-31CE3ABB36EA.png,SHARED
bf772ea23b84271e,2,product,4027,4028,product_featured,2024/09/E337812A-9E1E-44FC-8A4B-31CE3ABB36EA.png,SHARED
6d6714b17b5b4b6a,2,product,4030,4031,product_featured,2024/09/D38EDC7B-AE28-4A1E-B132-6E593956F825.jpeg,SHARED
6d6714b17b5b4b6a,2,product,4030,4031,product_featured,2024/09/D38EDC7B-AE28-4A1E-B132-6E593956F825.jpeg,SHARED
2b8cf837f1cfc356,2,product,4032,4033,product_featured,2024/09/AD6633E9-D0FC-42CE-8005-2C73E4AC80B1.jpeg,SHARED
2b8cf837f1cfc356,2,product,4032,4033,product_featured,2024/09/AD6633E9-D0FC-42CE-8005-2C73E4AC80B1.jpeg,SHARED
9de5b1f15b0780e8,2,product,4034,4035,product_featured,2024/09/78EDE118-6A8F-4FCC-A1A1-A5D0716B2084.jpeg,SHARED
9de5b1f15b0780e8,2,product,4034,4035,product_featured,2024/09/78EDE118-6A8F-4FCC-A1A1-A5D0716B2084.jpeg,SHARED
022ae637e772be09,2,product,4036,4037,product_featured,2024/09/FEEA483A-F959-4B87-A9A7-66FC73216414.png,SHARED
022ae637e772be09,2,product,4036,4037,product_featured,2024/09/FEEA483A-F959-4B87-A9A7-66FC73216414.png,SHARED
2fcdebfe7c0db1fb,2,product,4038,4039,product_featured,2024/09/9A4EB1F8-1A2E-494F-B485-320B9E38D77C.png,SHARED
2fcdebfe7c0db1fb,2,product,4038,4039,product_featured,2024/09/9A4EB1F8-1A2E-494F-B485-320B9E38D77C.png,SHARED
439192845afe844b,2,product,4673,4674,product_featured,2024/10/3EBBB768-2EDB-407E-90EB-06B60A0377BE.jpeg,SHARED
439192845afe844b,2,page,629,4674,page_image,2024/10/3EBBB768-2EDB-407E-90EB-06B60A0377BE.jpeg,SHARED
59e861b57c892bbd,2,product,4697,4689,product_featured,2024/10/A3EE647A-74C1-4BF2-BE15-FA2845E445AB.jpeg,SHARED
59e861b57c892bbd,2,variant,4699,4689,variant_image,2024/10/A3EE647A-74C1-4BF2-BE15-FA2845E445AB.jpeg,SHARED
3528dc9d2a7d8d40,2,product,4711,4712,product_featured,2024/10/A6A1C497-1A23-4A1A-8CC2-57008E98939C.jpeg,SHARED
3528dc9d2a7d8d40,2,product,4711,4712,product_featured,2024/10/A6A1C497-1A23-4A1A-8CC2-57008E98939C.jpeg,SHARED
668c76c08726c0cc,2,product,5911,5913,product_featured,2024/11/690EB7EF-E4DF-4812-ADE0-E2A085B22A6C.jpeg,SHARED
668c76c08726c0cc,2,product,5911,5913,product_featured,2024/11/690EB7EF-E4DF-4812-ADE0-E2A085B22A6C.jpeg,SHARED
c061b1b1be8b2666,2,product,5915,5916,product_featured,2024/11/63C47D94-E559-4BC8-8AD3-E4E3B949C7FC.png,SHARED
c061b1b1be8b2666,2,product,5915,5916,product_featured,2024/11/63C47D94-E559-4BC8-8AD3-E4E3B949C7FC.png,SHARED
915713262a1f0f8d,2,product,5918,5919,product_featured,2024/11/D1E45FD9-6C99-4CBB-9AB4-3D28717C8E3B.jpeg,SHARED
915713262a1f0f8d,2,product,5918,5919,product_featured,2024/11/D1E45FD9-6C99-4CBB-9AB4-3D28717C8E3B.jpeg,SHARED
587aa17ca3a6ac38,2,product,5921,5922,product_featured,2024/11/1EB1BC9C-B7E7-48BB-8C93-D0841FC9CB0D.jpeg,SHARED
587aa17ca3a6ac38,2,product,5921,5922,product_featured,2024/11/1EB1BC9C-B7E7-48BB-8C93-D0841FC9CB0D.jpeg,SHARED
c09be683cf80ef02,2,product,5935,5936,product_featured,2024/11/96DAFD88-6100-436D-BC41-E1323EE27A28.jpeg,SHARED
c09be683cf80ef02,2,product,5935,5936,product_featured,2024/11/96DAFD88-6100-436D-BC41-E1323EE27A28.jpeg,SHARED
218556670f7ff57f,2,product,5940,5942,product_featured,2024/11/141CD9ED-ED6D-4B80-AB70-4C49A3AEE129.jpeg,SHARED
218556670f7ff57f,2,product,5940,5942,product_featured,2024/11/141CD9ED-ED6D-4B80-AB70-4C49A3AEE129.jpeg,SHARED
e72d05301b299843,2,product,5945,5956,product_featured,2024/11/6C65D7F6-7C7A-453D-84F7-C8A484A57EC7.jpeg,SHARED
e72d05301b299843,2,product,5945,5956,product_featured,2024/11/6C65D7F6-7C7A-453D-84F7-C8A484A57EC7.jpeg,SHARED
58cff85b7e405ae1,2,product,5989,5991,product_featured,2024/11/7D6511DE-A5C2-463A-9007-A138AABDD188.png,SHARED
58cff85b7e405ae1,2,product,5989,5991,product_featured,2024/11/7D6511DE-A5C2-463A-9007-A138AABDD188.png,SHARED
bcd75b2b39d73b80,2,product,7309,7314,product_featured,2025/01/EOS-COCONUT.jpg,SHARED
bcd75b2b39d73b80,2,product,7309,7314,product_featured,2025/01/EOS-COCONUT.jpg,SHARED
863aaa98dbe9f7aa,2,product,7323,7326,product_featured,2025/01/dr-teals-scrub.webp,SHARED
863aaa98dbe9f7aa,2,product,7323,7326,product_featured,2025/01/dr-teals-scrub.webp,SHARED
6f1a6b9197934d11,2,product,8618,8622,product_gallery,2025/03/IMG_0908.jpeg,SHARED
6f1a6b9197934d11,2,product_body,17487,8622,product_body_content,2025/03/IMG_0908.jpeg,SHARED
a312e3424bdfe069,2,product,8634,8636,product_gallery,2025/03/IMG_0975.jpeg,SHARED
a312e3424bdfe069,2,product,11227,8636,product_gallery,2025/03/IMG_0975.jpeg,SHARED
ecbd75a8b5099080,2,product,8634,8637,product_gallery,2025/03/IMG_0976.jpeg,SHARED
ecbd75a8b5099080,2,product,11227,8637,product_gallery,2025/03/IMG_0976.jpeg,SHARED
2fe191bbffbc52e4,2,product,8634,8638,product_gallery,2025/03/IMG_0977.jpeg,SHARED
2fe191bbffbc52e4,2,product,11227,8638,product_gallery,2025/03/IMG_0977.jpeg,SHARED
e5e2f463f1c57dc9,2,product,9187,19759,product_featured,2025/04/IMG_3892.png,SHARED
e5e2f463f1c57dc9,2,page,629,19759,page_image,2025/04/IMG_3892.png,SHARED
cc4e5d579be70287,2,product,10504,10510,product_featured,2025/05/WhatsApp-Image-2025-05-10-at-14.58.19.jpeg,SHARED
cc4e5d579be70287,2,variant,10505,10510,variant_image,2025/05/WhatsApp-Image-2025-05-10-at-14.58.19.jpeg,SHARED
c0071963799c1e29,2,product,10504,10514,product_gallery,2025/05/WhatsApp-Image-2025-05-10-at-14.57.17.jpeg,SHARED
c0071963799c1e29,2,variant,10509,10514,variant_image,2025/05/WhatsApp-Image-2025-05-10-at-14.57.17.jpeg,SHARED
3d3415ca3dcdabb8,2,product,10504,10513,product_gallery,2025/05/WhatsApp-Image-2025-05-10-at-14.57.54.jpeg,SHARED
3d3415ca3dcdabb8,2,variant,10508,10513,variant_image,2025/05/WhatsApp-Image-2025-05-10-at-14.57.54.jpeg,SHARED
24eb465ee3cada90,2,product,10504,10512,product_gallery,2025/05/WhatsApp-Image-2025-05-10-at-14.56.11.jpeg,SHARED
24eb465ee3cada90,2,variant,10507,10512,variant_image,2025/05/WhatsApp-Image-2025-05-10-at-14.56.11.jpeg,SHARED
d8518698c4d38f68,2,product,10504,10511,product_gallery,2025/05/WhatsApp-Image-2025-05-10-at-14.55.20.jpeg,SHARED
d8518698c4d38f68,2,variant,10506,10511,variant_image,2025/05/WhatsApp-Image-2025-05-10-at-14.55.20.jpeg,SHARED
439c780aec0fd350,2,product,10559,10560,product_featured,2025/05/IMG_1778.jpeg,SHARED
439c780aec0fd350,2,page,629,10560,page_image,2025/05/IMG_1778.jpeg,SHARED
6ce7adbe31bf336d,2,product,13317,14511,product_featured,2025/08/WhatsApp-Image-2025-09-15-at-13.23.14.jpeg,SHARED
6ce7adbe31bf336d,2,product,23957,14511,product_featured,2025/08/WhatsApp-Image-2025-09-15-at-13.23.14.jpeg,SHARED
48e8e08bd4f9c21e,2,product,13321,13322,product_featured,2025/08/WhatsApp-Image-2025-08-04-at-22.48.58.jpeg,SHARED
48e8e08bd4f9c21e,2,product,13321,13322,product_featured,2025/08/WhatsApp-Image-2025-08-04-at-22.48.58.jpeg,SHARED
f76856d84c57bd59,2,product,13895,13897,product_featured,2025/08/1733748427.webp,SHARED
f76856d84c57bd59,2,product,13895,13897,product_featured,2025/08/1733748427.webp,SHARED
e6f91fb9f3370ebf,2,product,13903,13905,product_featured,2025/08/main-product-266-1725059746055.webp,SHARED
e6f91fb9f3370ebf,2,product,13903,13905,product_featured,2025/08/main-product-266-1725059746055.webp,SHARED
8c38ed45722a6e1e,2,product,13917,13922,product_featured,2025/08/WhatsApp-Image-2025-08-26-at-22.28.04.jpeg,SHARED
8c38ed45722a6e1e,2,product,13917,13922,product_featured,2025/08/WhatsApp-Image-2025-08-26-at-22.28.04.jpeg,SHARED
7c1de85840e01d50,2,product,13917,13925,product_gallery,2025/08/WhatsApp-Image-2025-08-26-at-22.20.01.jpeg,SHARED
7c1de85840e01d50,2,variant,13918,13925,variant_image,2025/08/WhatsApp-Image-2025-08-26-at-22.20.01.jpeg,SHARED
c4ec57bff5943542,2,product,13917,13928,product_gallery,2025/08/WhatsApp-Image-2025-08-26-at-22.20.00-1.jpeg,SHARED
c4ec57bff5943542,2,variant,13919,13928,variant_image,2025/08/WhatsApp-Image-2025-08-26-at-22.20.00-1.jpeg,SHARED
84492578f55a8ba9,3,product,14352,14354,product_featured,2025/09/skin1004-toner-210ml-tone-brightening-boosting-toner-38642937135350_1440x.webp,SHARED
84492578f55a8ba9,3,page,629,14354,page_image,2025/09/skin1004-toner-210ml-tone-brightening-boosting-toner-38642937135350_1440x.webp,SHARED
84492578f55a8ba9,3,page,629,14354,page_image,2025/09/skin1004-toner-210ml-tone-brightening-boosting-toner-38642937135350_1440x.webp,SHARED
9afd7cdf4ef2059d,3,product,14352,14353,product_gallery,2025/09/skin1004-toner-210ml-madagascar-centella-tone-brightening-boosting-toner-36440310350070_1440x.webp,SHARED
9afd7cdf4ef2059d,3,page,629,14353,page_image,2025/09/skin1004-toner-210ml-madagascar-centella-tone-brightening-boosting-toner-36440310350070_1440x.webp,SHARED
9afd7cdf4ef2059d,3,page,629,14353,page_image,2025/09/skin1004-toner-210ml-madagascar-centella-tone-brightening-boosting-toner-36440310350070_1440x.webp,SHARED
ad4026c18d7e1888,2,product,15249,15252,product_featured,2025/10/WhatsApp-Image-2025-10-22-at-14.22.40.jpeg,SHARED
ad4026c18d7e1888,2,product,15249,15252,product_featured,2025/10/WhatsApp-Image-2025-10-22-at-14.22.40.jpeg,SHARED
9f6554500377fe1b,2,product,15253,15254,product_featured,2025/10/WhatsApp-Image-2025-10-22-at-14.31.16-3.jpeg,SHARED
9f6554500377fe1b,2,product,15253,15254,product_featured,2025/10/WhatsApp-Image-2025-10-22-at-14.31.16-3.jpeg,SHARED
fadd98621d384499,3,product,15467,15474,product_featured,2025/10/AdobeExpress-file-2025-09-22T145945.146.webp,SHARED
fadd98621d384499,3,product,15467,15474,product_featured,2025/10/AdobeExpress-file-2025-09-22T145945.146.webp,SHARED
fadd98621d384499,3,variant,15468,15474,variant_image,2025/10/AdobeExpress-file-2025-09-22T145945.146.webp,SHARED
dce2de257406e603,2,product,15467,15477,product_gallery,2025/10/AdobeExpress-file-2025-09-22T153948.869.webp,SHARED
dce2de257406e603,2,variant,15469,15477,variant_image,2025/10/AdobeExpress-file-2025-09-22T153948.869.webp,SHARED
9592ede13423f7a5,2,product,15467,15471,product_gallery,2025/10/AdobeExpress-file-2025-09-22T154737.569.webp,SHARED
9592ede13423f7a5,2,variant,15470,15471,variant_image,2025/10/AdobeExpress-file-2025-09-22T154737.569.webp,SHARED
4edb4b5f8a6c636c,2,product,15466,15747,product_featured,2025/10/WhatsApp-Image-2025-11-12-at-13.57.44-2.jpeg,SHARED
4edb4b5f8a6c636c,2,page,629,15747,page_image,2025/10/WhatsApp-Image-2025-11-12-at-13.57.44-2.jpeg,SHARED
aa713dfe5e9edd83,2,product,15466,15746,product_gallery,2025/10/WhatsApp-Image-2025-11-12-at-13.57.44-3.jpeg,SHARED
aa713dfe5e9edd83,2,page,629,15746,page_image,2025/10/WhatsApp-Image-2025-11-12-at-13.57.44-3.jpeg,SHARED
d1a594053c0b0f0e,2,product,15466,15742,product_gallery,2025/10/WhatsApp-Image-2025-11-12-at-13.57.48-1.jpeg,SHARED
d1a594053c0b0f0e,2,product,15752,15742,product_gallery,2025/10/WhatsApp-Image-2025-11-12-at-13.57.48-1.jpeg,SHARED
ee60cefafe5c9b13,2,product,16482,16494,product_gallery,2025/12/CARAMEL-CASHMERE-EOS.webp,SHARED
ee60cefafe5c9b13,2,variant,16485,16494,variant_image,2025/12/CARAMEL-CASHMERE-EOS.webp,SHARED
474a1481e6490d62,2,product,16482,16493,product_gallery,2025/12/COCOA-CASHMERE-EOS.webp,SHARED
474a1481e6490d62,2,variant,16484,16493,variant_image,2025/12/COCOA-CASHMERE-EOS.webp,SHARED
814055e1c1a34462,2,product,16482,16491,product_gallery,2025/12/PEPPERMINT-CASHMERE-EOS.webp,SHARED
814055e1c1a34462,2,variant,16486,16491,variant_image,2025/12/PEPPERMINT-CASHMERE-EOS.webp,SHARED
4c8cf3900dc6909f,2,product,16482,16490,product_gallery,2025/12/PeppermintCashmereMiniBL-EOS.webp,SHARED
4c8cf3900dc6909f,2,variant,16497,16490,variant_image,2025/12/PeppermintCashmereMiniBL-EOS.webp,SHARED
1f82643ee177b6f3,2,product,16519,16520,product_featured,2025/12/21A8F85F-3AF6-47DF-BC88-66E5C7A8B85E_4_5005_c.webp,SHARED
1f82643ee177b6f3,2,page,629,16520,page_image,2025/12/21A8F85F-3AF6-47DF-BC88-66E5C7A8B85E_4_5005_c.webp,SHARED
71dd512b6c642310,2,product,16529,16530,product_featured,2025/12/C187E91A-0A8E-4EDA-BD94-041C61445588_4_5005_c.webp,SHARED
71dd512b6c642310,2,page,629,16530,page_image,2025/12/C187E91A-0A8E-4EDA-BD94-041C61445588_4_5005_c.webp,SHARED
60b971d166d25fb0,2,product,16543,16544,product_featured,2025/12/8810D37D-D770-43F1-9CBF-51F293FFCD96.webp,SHARED
60b971d166d25fb0,2,page,629,16544,page_image,2025/12/8810D37D-D770-43F1-9CBF-51F293FFCD96.webp,SHARED
9408a19c04f58c55,2,product,16557,16558,product_featured,2025/12/EB2A4547-2C55-4043-83C1-4FD436AF7E69_4_5005_c.jpeg,SHARED
9408a19c04f58c55,2,page,629,16558,page_image,2025/12/EB2A4547-2C55-4043-83C1-4FD436AF7E69_4_5005_c.jpeg,SHARED
7f045e273212e290,3,product,16441,16789,product_featured,2025/12/Bolden_Sunscreen_Moisturizer-WBH.webp,SHARED
7f045e273212e290,3,page,629,16789,page_image,2025/12/Bolden_Sunscreen_Moisturizer-WBH.webp,SHARED
7f045e273212e290,3,page,629,16789,page_image,2025/12/Bolden_Sunscreen_Moisturizer-WBH.webp,SHARED
ce7c50824ddf8a16,3,product,16441,16790,product_gallery,2025/12/Bolden_Sunscreen_Main_Benefit.webp,SHARED
ce7c50824ddf8a16,3,page,629,16790,page_image,2025/12/Bolden_Sunscreen_Main_Benefit.webp,SHARED
ce7c50824ddf8a16,3,page,629,16790,page_image,2025/12/Bolden_Sunscreen_Main_Benefit.webp,SHARED
fe6aa354f65880fd,2,product,16443,16843,product_featured,2025/12/Bolden_Toner_For_All_Skin.webp,SHARED
fe6aa354f65880fd,2,product,16443,16843,product_featured,2025/12/Bolden_Toner_For_All_Skin.webp,SHARED
c3cad567375afa1f,3,product,16445,16852,product_featured,2025/12/Sylvimak-Smooth-Affair-6-in-1-Powder-Palette_3.jpg.webp,SHARED
c3cad567375afa1f,3,product,16445,16852,product_featured,2025/12/Sylvimak-Smooth-Affair-6-in-1-Powder-Palette_3.jpg.webp,SHARED
c3cad567375afa1f,3,variant,16850,16852,variant_image,2025/12/Sylvimak-Smooth-Affair-6-in-1-Powder-Palette_3.jpg.webp,SHARED
ac77fdbb9c790aea,2,product,16445,16853,product_gallery,2025/12/sylvimak-12-in-1-powder-palete.jpg,SHARED
ac77fdbb9c790aea,2,variant,16851,16853,variant_image,2025/12/sylvimak-12-in-1-powder-palete.jpg,SHARED
2924556414c2e5e4,2,product,17476,17477,product_featured,2026/01/IMG_0900.jpeg,SHARED
2924556414c2e5e4,2,product,17476,17477,product_featured,2026/01/IMG_0900.jpeg,SHARED
cc14ef2a2d9ab878,2,product,17478,17479,product_featured,2026/01/IMG_0903.jpeg,SHARED
cc14ef2a2d9ab878,2,variant,17485,17479,variant_image,2026/01/IMG_0903.jpeg,SHARED
1f1794c613669717,3,product,17503,17504,product_featured,2026/01/IMG_0918.jpeg,SHARED
1f1794c613669717,3,product,17503,17504,product_featured,2026/01/IMG_0918.jpeg,SHARED
1f1794c613669717,3,variant,17509,17504,variant_image,2026/01/IMG_0918.jpeg,SHARED
d4d918ca5d9bc33f,2,product,17503,17505,product_gallery,2026/01/IMG_0919.jpeg,SHARED
d4d918ca5d9bc33f,2,variant,17507,17505,variant_image,2026/01/IMG_0919.jpeg,SHARED
98924b83692c87d7,2,product,17503,17506,product_gallery,2026/01/IMG_0920.jpeg,SHARED
98924b83692c87d7,2,variant,17508,17506,variant_image,2026/01/IMG_0920.jpeg,SHARED
eb2e6268df02b775,3,product,17663,17664,product_featured,2026/01/IMG_1090.webp,SHARED
eb2e6268df02b775,3,page,629,17664,page_image,2026/01/IMG_1090.webp,SHARED
eb2e6268df02b775,3,page,629,17664,page_image,2026/01/IMG_1090.webp,SHARED
d33ae04d08a75e2f,3,product,17860,17863,product_featured,2026/01/WhatsApp-Image-2026-01-19-at-11.12.32-1.jpeg,SHARED
d33ae04d08a75e2f,3,product,17860,17863,product_featured,2026/01/WhatsApp-Image-2026-01-19-at-11.12.32-1.jpeg,SHARED
d33ae04d08a75e2f,3,page,629,17863,page_image,2026/01/WhatsApp-Image-2026-01-19-at-11.12.32-1.jpeg,SHARED
a4772a9b3e4e7779,2,product,17860,17862,product_gallery,2026/01/WhatsApp-Image-2026-01-19-at-11.12.32-2.jpeg,SHARED
a4772a9b3e4e7779,2,page,629,17862,page_image,2026/01/WhatsApp-Image-2026-01-19-at-11.12.32-2.jpeg,SHARED
65e22b9c7eb38a4e,2,product,18407,18411,product_featured,2026/02/olay-salicylic-acid-wash-3.webp,SHARED
65e22b9c7eb38a4e,2,product,18407,18411,product_featured,2026/02/olay-salicylic-acid-wash-3.webp,SHARED
27af401b60194b0f,3,product,18488,18490,product_featured,2026/02/IMG_1957.jpeg,SHARED
27af401b60194b0f,3,page,629,18490,page_image,2026/02/IMG_1957.jpeg,SHARED
27af401b60194b0f,3,page,629,18490,page_image,2026/02/IMG_1957.jpeg,SHARED
3797f9d957fba876,3,product,18632,18672,product_featured,2026/02/Tiam-b5-toner.webp,SHARED
3797f9d957fba876,3,page,629,18672,page_image,2026/02/Tiam-b5-toner.webp,SHARED
3797f9d957fba876,3,page,629,18672,page_image,2026/02/Tiam-b5-toner.webp,SHARED
adac40e083a9e999,2,product,18642,18643,product_featured,2026/02/IMG_1947.jpeg,SHARED
adac40e083a9e999,2,product,18642,18643,product_featured,2026/02/IMG_1947.jpeg,SHARED
3592fa8eca30867b,2,product,18645,18675,product_featured,2026/02/dr-althea-gentlevitamincserum.webp,SHARED
3592fa8eca30867b,2,product,18645,18675,product_featured,2026/02/dr-althea-gentlevitamincserum.webp,SHARED
a96539b9b4c51334,2,product,18742,18744,product_featured,2026/02/IMG_2820.webp,SHARED
a96539b9b4c51334,2,product,18742,18744,product_featured,2026/02/IMG_2820.webp,SHARED
3ba0be288a1829ce,2,product,18748,18749,product_featured,2026/02/IMG_2825.jpeg,SHARED
3ba0be288a1829ce,2,product,18748,18749,product_featured,2026/02/IMG_2825.jpeg,SHARED
dfc4c132abd850bb,2,product,18752,18753,product_featured,2026/02/IMG_2828.webp,SHARED
dfc4c132abd850bb,2,product,18752,18753,product_featured,2026/02/IMG_2828.webp,SHARED
6d1e5892b85bfd7a,2,product,18756,18757,product_featured,2026/02/IMG_2831.webp,SHARED
6d1e5892b85bfd7a,2,product,18756,18757,product_featured,2026/02/IMG_2831.webp,SHARED
8cba1024bac6c6e4,2,product,18834,18835,product_featured,2026/02/IMG_3055.webp,SHARED
8cba1024bac6c6e4,2,product,18834,18835,product_featured,2026/02/IMG_3055.webp,SHARED
5bc781f204127d65,2,product,18893,18896,product_featured,2026/02/IMG_3127.jpeg,SHARED
5bc781f204127d65,2,product,18893,18896,product_featured,2026/02/IMG_3127.jpeg,SHARED
853c39f8da268d7d,2,product,18897,18901,product_featured,2026/02/IMG_3130.jpeg,SHARED
853c39f8da268d7d,2,product,18897,18901,product_featured,2026/02/IMG_3130.jpeg,SHARED
421039c51c995b21,2,product,19224,19225,product_featured,2026/03/IMG_1942.jpeg,SHARED
421039c51c995b21,2,product,19224,19225,product_featured,2026/03/IMG_1942.jpeg,SHARED
885d9644871356df,2,product,19575,19577,product_featured,2026/03/KOJITRINOL-PADS.webp,SHARED
885d9644871356df,2,product,19575,19577,product_featured,2026/03/KOJITRINOL-PADS.webp,SHARED
9eab9e4f92b83402,2,product,19653,19654,product_featured,2026/03/IMG_3778.jpeg,SHARED
9eab9e4f92b83402,2,product,19653,19654,product_featured,2026/03/IMG_3778.jpeg,SHARED
23bf9e0d1ddaeedc,2,product,19656,19657,product_featured,2026/03/IMG_3780.webp,SHARED
23bf9e0d1ddaeedc,2,product,19656,19657,product_featured,2026/03/IMG_3780.webp,SHARED
52ee97d2b8060339,2,product,19658,19659,product_featured,2026/03/IMG_3784.webp,SHARED
52ee97d2b8060339,2,product,19658,19659,product_featured,2026/03/IMG_3784.webp,SHARED
84ce357acf0c51a1,2,product,20187,20189,product_featured,2026/04/IMG_4731.jpeg,SHARED
84ce357acf0c51a1,2,product,20187,20189,product_featured,2026/04/IMG_4731.jpeg,SHARED
71bd26d91ce3373f,2,product,20525,20526,product_featured,2026/04/IMG_5522.jpeg,SHARED
71bd26d91ce3373f,2,page,629,20526,page_image,2026/04/IMG_5522.jpeg,SHARED
763befc686e0fbfe,2,product,20568,20569,product_featured,2026/04/IMG_5537.webp,SHARED
763befc686e0fbfe,2,page,629,20569,page_image,2026/04/IMG_5537.webp,SHARED
53352933d781f37c,2,product,20595,20643,product_featured,2026/04/WhatsApp-Image-2026-04-22-at-15.25.15-1.jpeg,SHARED
53352933d781f37c,2,product,20595,20643,product_featured,2026/04/WhatsApp-Image-2026-04-22-at-15.25.15-1.jpeg,SHARED
83fb69d6eb956255,3,product,20634,20636,product_featured,2026/04/IMG_5555.jpeg,SHARED
83fb69d6eb956255,3,page,629,20636,page_image,2026/04/IMG_5555.jpeg,SHARED
83fb69d6eb956255,3,page,629,20636,page_image,2026/04/IMG_5555.jpeg,SHARED
6f5ce2328cff3ace,3,product,20637,20638,product_featured,2026/04/IMG_5556.jpeg,SHARED
6f5ce2328cff3ace,3,page,629,20638,page_image,2026/04/IMG_5556.jpeg,SHARED
6f5ce2328cff3ace,3,page,629,20638,page_image,2026/04/IMG_5556.jpeg,SHARED
ff9cbe9ee9d7df70,3,product,20637,20639,product_gallery,2026/04/IMG_5556-1.jpeg,SHARED
ff9cbe9ee9d7df70,3,page,629,20639,page_image,2026/04/IMG_5556-1.jpeg,SHARED
ff9cbe9ee9d7df70,3,page,629,20639,page_image,2026/04/IMG_5556-1.jpeg,SHARED
44d5551839675048,2,product,21659,21665,product_featured,2026/05/skin-by-zaron-body-oil.webp,SHARED
44d5551839675048,2,product,21659,21665,product_featured,2026/05/skin-by-zaron-body-oil.webp,SHARED
3f896e26b81316ce,2,product,21822,21823,product_featured,2026/05/IMG_7196.webp,SHARED
3f896e26b81316ce,2,page,629,21823,page_image,2026/05/IMG_7196.webp,SHARED
37d9c261fb79216f,2,product,21824,21825,product_featured,2026/05/IMG_7197.webp,SHARED
37d9c261fb79216f,2,page,629,21825,page_image,2026/05/IMG_7197.webp,SHARED
616e13b6e4fa9550,2,product,21827,21828,product_featured,2026/05/IMG_7199.webp,SHARED
616e13b6e4fa9550,2,page,629,21828,page_image,2026/05/IMG_7199.webp,SHARED
73fe3078d19e47ad,2,product,21830,21831,product_featured,2026/05/IMG_7200.webp,SHARED
73fe3078d19e47ad,2,page,629,21831,page_image,2026/05/IMG_7200.webp,SHARED
beefd264f57faf26,2,product,21854,21855,product_featured,2026/05/IMG_7201.webp,SHARED
beefd264f57faf26,2,page,629,21855,page_image,2026/05/IMG_7201.webp,SHARED
f7de7892ed8d9767,2,product,21856,21857,product_featured,2026/05/IMG_7202.jpeg,SHARED
f7de7892ed8d9767,2,page,629,21857,page_image,2026/05/IMG_7202.jpeg,SHARED
6581fd7c2c11f3b9,4,product,21858,21859,product_featured,2026/05/IMG_7203.jpeg,SHARED
6581fd7c2c11f3b9,4,page,629,21859,page_image,2026/05/IMG_7203.jpeg,SHARED
6581fd7c2c11f3b9,4,page,629,21859,page_image,2026/05/IMG_7203.jpeg,SHARED
6581fd7c2c11f3b9,4,page,629,21859,page_image,2026/05/IMG_7203.jpeg,SHARED
cd810a19a9a7e14c,2,product,21860,21869,product_featured,2026/05/IMG_7209.jpeg,SHARED
cd810a19a9a7e14c,2,page,629,21869,page_image,2026/05/IMG_7209.jpeg,SHARED
8258772bf56c980c,2,product,23464,23467,product_featured,2026/06/WhatsApp-Image-2026-06-09-at-11.42.39.jpeg,SHARED
8258772bf56c980c,2,product,23464,23467,product_featured,2026/06/WhatsApp-Image-2026-06-09-at-11.42.39.jpeg,SHARED
89782d74c33cb6b3,2,product,23521,23523,product_featured,2026/06/uncover-vitamin-c.jpg,SHARED
89782d74c33cb6b3,2,product,23521,23523,product_featured,2026/06/uncover-vitamin-c.jpg,SHARED
391b693e8c769fa6,2,product,25122,25123,product_featured,2026/07/IMG_9933.webp,SHARED
391b693e8c769fa6,2,variant,25125,25123,variant_image,2026/07/IMG_9933.webp,SHARED
fee4aea23286efdd,6,variant,5928,5929,variant_image,2024/11/42B52F6B-F2E8-4DA2-B6B4-CF6D4838D08D.jpeg,SHARED
fee4aea23286efdd,6,variant,5930,5929,variant_image,2024/11/42B52F6B-F2E8-4DA2-B6B4-CF6D4838D08D.jpeg,SHARED
fee4aea23286efdd,6,variant,5931,5929,variant_image,2024/11/42B52F6B-F2E8-4DA2-B6B4-CF6D4838D08D.jpeg,SHARED
fee4aea23286efdd,6,variant,5932,5929,variant_image,2024/11/42B52F6B-F2E8-4DA2-B6B4-CF6D4838D08D.jpeg,SHARED
fee4aea23286efdd,6,variant,5933,5929,variant_image,2024/11/42B52F6B-F2E8-4DA2-B6B4-CF6D4838D08D.jpeg,SHARED
fee4aea23286efdd,6,variant,5934,5929,variant_image,2024/11/42B52F6B-F2E8-4DA2-B6B4-CF6D4838D08D.jpeg,SHARED
007df7b3003c52d5,8,variant,5946,5948,variant_image,2024/11/AE67A433-1491-4BAE-BDB4-2D6BDB4D0F83.jpeg,SHARED
007df7b3003c52d5,8,variant,5949,5948,variant_image,2024/11/AE67A433-1491-4BAE-BDB4-2D6BDB4D0F83.jpeg,SHARED
007df7b3003c52d5,8,variant,5950,5948,variant_image,2024/11/AE67A433-1491-4BAE-BDB4-2D6BDB4D0F83.jpeg,SHARED
007df7b3003c52d5,8,variant,5951,5948,variant_image,2024/11/AE67A433-1491-4BAE-BDB4-2D6BDB4D0F83.jpeg,SHARED
007df7b3003c52d5,8,variant,5952,5948,variant_image,2024/11/AE67A433-1491-4BAE-BDB4-2D6BDB4D0F83.jpeg,SHARED
007df7b3003c52d5,8,variant,5953,5948,variant_image,2024/11/AE67A433-1491-4BAE-BDB4-2D6BDB4D0F83.jpeg,SHARED
007df7b3003c52d5,8,variant,5954,5948,variant_image,2024/11/AE67A433-1491-4BAE-BDB4-2D6BDB4D0F83.jpeg,SHARED
007df7b3003c52d5,8,variant,5955,5948,variant_image,2024/11/AE67A433-1491-4BAE-BDB4-2D6BDB4D0F83.jpeg,SHARED
9b1eae478fb6758a,2,variant,13914,13911,variant_image,2025/08/214DB40E-AB50-4B3F-8B70-00E3C1F8BD67.webp,SHARED
9b1eae478fb6758a,2,variant,13915,13911,variant_image,2025/08/214DB40E-AB50-4B3F-8B70-00E3C1F8BD67.webp,SHARED
54c4edc494b82401,2,variant,17583,17592,variant_image,2026/01/IMG_1009.jpeg,SHARED
54c4edc494b82401,2,blog,19346,17592,blog_image,2026/01/IMG_1009.jpeg,SHARED
4962698d9dd20fa6,2,unused,729,729,unused,2024/04/85ce1354-6d88-4a0a-9f45-883ffc323c8e-1.svg,DUPLICATE_CANDIDATE
4962698d9dd20fa6,2,unused,2007,2007,unused,2024/06/85ce1354-6d88-4a0a-9f45-883ffc323c8e-1.svg,DUPLICATE_CANDIDATE
a7bed812da918932,2,unused,810,810,unused,2024/04/Rectangle-23.png,DUPLICATE_CANDIDATE
a7bed812da918932,2,unused,2035,2035,unused,2024/06/Rectangle-23.png,DUPLICATE_CANDIDATE
42919787687ceb9c,2,unused,3862,3862,unused,2024/04/616u79FHUvL._SL1500_.jpg,DUPLICATE_CANDIDATE
42919787687ceb9c,2,unused,3873,3873,unused,2024/09/616u79FHUvL._SL1500_.jpg,DUPLICATE_CANDIDATE
8550961b098d3820,2,unused,3863,3863,unused,2024/04/616u79FHUvL._SL1500_-1.jpg,DUPLICATE_CANDIDATE
8550961b098d3820,2,unused,3882,3882,unused,2024/09/616u79FHUvL._SL1500_-1.jpg,DUPLICATE_CANDIDATE
4d9f3d282eb8c1f5,2,unused,21930,21930,unused,2026/05/Wbh-Logo.jpeg,DUPLICATE_CANDIDATE
4d9f3d282eb8c1f5,2,unused,25201,25201,unused,2026/07/Wbh-Logo.jpeg,DUPLICATE_CANDIDATE
