handle,name,type,group_or_rule,planned_product_count,exists_in_shopify,members_already_imported,members_import_ready,members_quarantined,members_excluded,notes
face,Face,category,Makeup,91,NO,91,0,0,0,
eyes,Eyes,category,Makeup,60,NO,60,0,0,0,
lips,Lips,category,Makeup,27,NO,27,0,0,0,
brushes-beauty-blenders,Brushes & Beauty Blenders,category,Makeup,15,NO,15,0,0,0,
serums-treatment,Serums & Treatment,category,Skin Care,89,NO,104,0,0,0,
moisturizers,Moisturizers & Cream,category,Skin Care,63,NO,63,0,0,0,
face-cleansers-wash,Face Cleansers & Wash,category,Skin Care,43,NO,43,0,0,0,
face-toners-mist-essence,"Face Toners, Mist & Essence",category,Skin Care,37,NO,37,0,0,0,
sunscreen,Sunscreen,category,Skin Care,32,NO,32,0,0,0,
brightening,Brightening,category,Skin Care,32,NO,32,0,0,0,
hyperpigmentation,Hyperpigmentation,category,Skin Care,21,NO,21,0,0,0,
exfoliators-peels-scrubs,"Exfoliators, Peels & Scrubs",category,Skin Care,20,NO,20,0,0,0,
acne-treatment,Acne Treatment,category,Skin Care,25,NO,25,0,0,0,
face-mask,Mask,category,Skin Care,4,NO,4,0,0,0,
face-oil,Face Oil,category,Skin Care,1,NO,1,0,0,0,
body-lotion,Body Lotion,category,Bath & Body Care,63,NO,63,0,0,0,
body-wash,Body Wash,category,Bath & Body Care,54,NO,54,0,0,0,
body-moisturizers,Body Moisturizers,category,Bath & Body Care,34,NO,34,0,0,0,
body-oil,Body Oil,category,Bath & Body Care,18,NO,18,0,0,0,
body-care,Body Care,category,Bath & Body Care,18,NO,18,0,0,0,
body-scrubs,Body Scrubs,category,Bath & Body Care,7,NO,7,0,0,0,
body-butter,Body Butter,category,Bath & Body Care,9,NO,9,0,0,0,
baby-wash-lotion,Baby Wash & Lotion,category,Bath & Body Care,8,NO,8,0,0,0,
roll-on,Roll On,category,Bath & Body Care,2,NO,2,0,0,0,
body-mist,Body Mist,category,Bath & Body Care,2,NO,2,0,0,0,
tools-accessories,Tools & Accessories,category,Beauty Tools,23,NO,19,0,4,0,
olay,Olay,brand,vendor equals 'Olay',28,NO,28,0,0,0,
eos,Eos,brand,vendor equals 'Eos',26,NO,25,0,1,0,
zaron,Zaron,brand,vendor equals 'Zaron',25,NO,25,0,0,0,
naturium,Naturium,brand,vendor equals 'Naturium',22,NO,22,0,0,0,
good-molecules,Good Molecules,brand,vendor equals 'Good Molecules',20,NO,20,0,0,0,
hegai-esther,Hegai & Esther,brand,vendor equals 'Hegai & Esther',16,NO,16,0,0,0,
msmetics,Msmetics,brand,vendor equals 'Msmetics',15,NO,15,0,0,0,
vee-beauty,Vee Beauty,brand,vendor equals 'Vee Beauty',15,NO,15,0,0,0,
25-pskyn,25 Pskyn,brand,vendor equals '25 Pskyn',13,NO,8,0,5,0,
cosrx,Cosrx,brand,vendor equals 'Cosrx',13,NO,13,0,0,0,
dr-teals,Dr Teal's,brand,vendor equals 'Dr Teal's',13,NO,13,0,0,0,
advanced-clinicals,Advanced Clinicals,brand,vendor equals 'Advanced Clinicals',11,NO,11,0,0,0,
bm-pro,BM PRO,brand,vendor equals 'BM PRO',11,NO,11,0,0,0,
panoxyl,Panoxyl,brand,vendor equals 'Panoxyl',11,NO,11,0,0,0,
anua,Anua,brand,vendor equals 'Anua',10,NO,10,0,0,0,
beauty-line-by-didi,Beauty Line by Didi,brand,vendor equals 'Beauty Line by Didi',10,NO,9,0,1,0,
yglam,Yglam,brand,vendor equals 'Yglam',10,NO,10,0,0,0,
merak,Merak,brand,vendor equals 'Merak',9,NO,9,0,0,0,
beauty-by-ad,Beauty by AD,brand,vendor equals 'Beauty by AD',8,NO,8,0,0,0,
boj-cosmetics,BOJ Cosmetics,brand,vendor equals 'BOJ Cosmetics',7,NO,7,0,0,0,
faded,Faded,brand,vendor equals 'Faded',7,NO,5,0,0,0,
isntree,Isntree,brand,vendor equals 'Isntree',7,NO,7,0,0,0,
medix-5-5,Medix 5.5,brand,vendor equals 'Medix 5.5',7,NO,7,0,0,0,
omaricode,Omaricode,brand,vendor equals 'Omaricode',7,NO,7,0,0,0,
the-ordinary,The Ordinary,brand,vendor equals 'The Ordinary',7,NO,7,0,0,0,
tiam,Tiam,brand,vendor equals 'Tiam',7,NO,7,0,0,0,
vaseline,Vaseline,brand,vendor equals 'Vaseline',7,NO,7,0,0,0,
acwell,Acwell,brand,vendor equals 'Acwell',6,NO,5,0,0,0,
beauty-of-joseon,Beauty of Joseon,brand,vendor equals 'Beauty of Joseon',6,NO,6,0,0,0,
becharm,Becharm,brand,vendor equals 'Becharm',6,NO,6,0,0,0,
dove,Dove,brand,vendor equals 'Dove',6,NO,6,0,0,0,
la-roche-posay,La Roche-Posay,brand,vendor equals 'La Roche-Posay',6,NO,6,0,0,0,
nuban,Nuban,brand,vendor equals 'Nuban',6,NO,6,0,0,0,
sooo-pro,Sooo Pro,brand,vendor equals 'Sooo Pro',6,NO,6,0,0,0,
touch,Touch,brand,vendor equals 'Touch',6,NO,6,0,0,0,
uncover,Uncover,brand,vendor equals 'Uncover',6,NO,6,0,0,0,
wynkk-beauty,Wynkk Beauty,brand,vendor equals 'Wynkk Beauty',6,NO,6,0,0,0,
unnamed,Accessories _make_up,brand,vendor equals 'Accessories _make_up',5,NO,0,0,5,0,
annies-beauty,Annies Beauty,brand,vendor equals 'Annies Beauty',5,NO,5,0,0,0,
blossom,Blossom,brand,vendor equals 'Blossom',5,NO,5,0,0,0,
cerave,Cerave,brand,vendor equals 'Cerave',5,NO,5,0,0,0,
paula-beauty,Paula Beauty,brand,vendor equals 'Paula Beauty',5,NO,5,0,0,0,
sylvimak,Sylvimak,brand,vendor equals 'Sylvimak',5,NO,4,0,1,0,
tehila,Tehila,brand,vendor equals 'Tehila',5,NO,5,0,0,0,
topicals,Topicals,brand,vendor equals 'Topicals',5,NO,0,0,0,0,
alpha-skin-care,Alpha Skin Care,brand,vendor equals 'Alpha Skin Care',4,NO,4,0,0,0,
amlactin,Amlactin,brand,vendor equals 'Amlactin',4,NO,4,0,0,0,
aveeno,Aveeno,brand,vendor equals 'Aveeno',4,NO,4,0,0,0,
blackgirl,Blackgirl,brand,vendor equals 'Blackgirl',4,NO,4,0,0,0,
bolden,Bolden,brand,vendor equals 'Bolden',4,NO,4,0,0,0,
elastalift,Elastalift,brand,vendor equals 'Elastalift',4,NO,4,0,0,0,
eucerin,Eucerin,brand,vendor equals 'Eucerin',4,NO,4,0,0,0,
facefacts,Facefacts,brand,vendor equals 'Facefacts',4,NO,4,0,0,0,
frudia,Frudia,brand,vendor equals 'Frudia',4,NO,4,0,0,0,
nineless,NINELESS,brand,vendor equals 'NINELESS',4,NO,4,0,0,0,
neutrogena,Neutrogena,brand,vendor equals 'Neutrogena',4,NO,4,0,0,0,
palmers,Palmer's,brand,vendor equals 'Palmer's',4,NO,4,0,0,0,
tree-hut,Tree Hut,brand,vendor equals 'Tree Hut',4,NO,4,0,0,0,
yanga-beauty,Yanga Beauty,brand,vendor equals 'Yanga Beauty',4,NO,4,0,0,0,
classic-makeup,Classic Makeup,brand,vendor equals 'Classic Makeup',3,NO,3,0,0,0,
differin,Differin,brand,vendor equals 'Differin',3,NO,3,0,0,0,
heimish,Heimish,brand,vendor equals 'Heimish',3,NO,3,0,0,0,
koji-san,Koji San,brand,vendor equals 'Koji San',3,NO,3,0,0,0,
missha,Missha,brand,vendor equals 'Missha',3,NO,3,0,0,0,
nip-fab,Nip + Fab,brand,vendor equals 'Nip + Fab',3,NO,3,0,0,0,
skin-by-zaron,Skin by Zaron,brand,vendor equals 'Skin by Zaron',3,NO,2,0,0,0,
some-by-mi,Some by Mi,brand,vendor equals 'Some by Mi',3,NO,3,0,0,0,
tola-banks,Tola Banks,brand,vendor equals 'Tola Banks',3,NO,3,0,0,0,
axis-y,Axis-y,brand,vendor equals 'Axis-y',2,NO,2,0,0,0,
candybeauty,Candybeauty,brand,vendor equals 'Candybeauty',2,NO,2,0,0,0,
davies,Davies,brand,vendor equals 'Davies',2,NO,2,0,0,0,
dr-althea,Dr Althea,brand,vendor equals 'Dr Althea',2,NO,2,0,0,0,
dr-jart,Dr Jart,brand,vendor equals 'Dr Jart',2,NO,2,0,0,0,
e45,E45,brand,vendor equals 'E45',2,NO,2,0,0,0,
embryolisse,Embryolisse,brand,vendor equals 'Embryolisse',2,NO,2,0,0,0,
hadalabo,Hadalabo,brand,vendor equals 'Hadalabo',2,NO,2,0,0,0,
kiss-beauty,Kiss Beauty,brand,vendor equals 'Kiss Beauty',2,NO,2,0,0,0,
luzta,Luzta,brand,vendor equals 'Luzta',2,NO,2,0,0,0,
mabrook,Mabrook,brand,vendor equals 'Mabrook',2,NO,2,0,0,0,
rimmel,Rimmel,brand,vendor equals 'Rimmel',2,NO,2,0,0,0,
skin1004,SKIN1004,brand,vendor equals 'SKIN1004',2,NO,2,0,0,0,
skin-aqua,Skin Aqua,brand,vendor equals 'Skin Aqua',2,NO,2,0,0,0,
tm-essential,TM Essentials,brand,vendor equals 'TM Essentials',2,NO,2,0,0,0,
timeless,Timeless,brand,vendor equals 'Timeless',2,NO,2,0,0,0,
topicrem,Topicrem,brand,vendor equals 'Topicrem',2,NO,2,0,0,0,
viccabel,Viccabel,brand,vendor equals 'Viccabel',2,NO,2,0,0,0,
absolute,Absolute,brand,vendor equals 'Absolute',1,NO,1,0,0,0,
aquaphor,Aquaphor,brand,vendor equals 'Aquaphor',1,NO,1,0,0,0,
b-small,B-Small,brand,vendor equals 'B-Small',1,NO,1,0,0,0,
balance,Balance,brand,vendor equals 'Balance',1,NO,1,0,0,0,
ben-nye,Ben Nye,brand,vendor equals 'Ben Nye',1,NO,1,0,0,0,
biore,Biore,brand,vendor equals 'Biore',1,NO,1,0,0,0,
cpd,Cpd,brand,vendor equals 'Cpd',1,NO,1,0,0,0,
dalba,D'Alba,brand,vendor equals 'D'Alba',1,NO,1,0,0,0,
dammel,Dammel,brand,vendor equals 'Dammel',1,NO,1,0,0,0,
elf,Elf,brand,vendor equals 'Elf',1,NO,1,0,0,0,
ezanic,Ezanic,brand,vendor equals 'Ezanic',1,NO,1,0,0,0,
ferrarucci,Ferrarucci,brand,vendor equals 'Ferrarucci',1,NO,1,0,0,0,
flawless-ivy-cosmetics,Flawless Ivy cosmetics,brand,vendor equals 'Flawless Ivy cosmetics',1,NO,1,0,0,0,
glove-sponge,Glove sponge,brand,vendor equals 'Glove sponge',1,NO,1,0,0,0,
haruharu,Haruharu,brand,vendor equals 'Haruharu',1,NO,1,0,0,0,
hatomugi,Hatomugi,brand,vendor equals 'Hatomugi',1,NO,1,0,0,0,
im-from,I’m From,brand,vendor equals 'I’m From',1,NO,1,0,0,0,
juba-cosmetics,Juba Cosmetics,brand,vendor equals 'Juba Cosmetics',1,NO,1,0,0,0,
jumiso,Jumiso,brand,vendor equals 'Jumiso',1,NO,1,0,0,0,
kojivit,Kojivit,brand,vendor equals 'Kojivit',1,NO,1,0,0,0,
kose-suncut,Kose Suncut,brand,vendor equals 'Kose Suncut',1,NO,1,0,0,0,
laneige,Laneige,brand,vendor equals 'Laneige',1,NO,1,0,0,0,
mario-badescu,Mario Badescu,brand,vendor equals 'Mario Badescu',1,NO,1,0,0,0,
mary-may,Mary & May,brand,vendor equals 'Mary & May',1,NO,1,0,0,0,
medi-peel,Medi Peel,brand,vendor equals 'Medi Peel',1,NO,1,0,0,0,
mehron,Mehron,brand,vendor equals 'Mehron',1,NO,1,0,0,0,
milani,Milani,brand,vendor equals 'Milani',1,NO,1,0,0,0,
nivea,Nivea,brand,vendor equals 'Nivea',1,NO,1,0,0,0,
ocosmetics,O'Cosmetics,brand,vendor equals 'O'Cosmetics',1,NO,1,0,0,0,
paulas-choice,Paula’s choice,brand,vendor equals 'Paula’s choice',1,NO,1,0,0,0,
roc,ROC,brand,vendor equals 'ROC',1,NO,1,0,0,0,
sephora,Sephora,brand,vendor equals 'Sephora',1,NO,1,0,0,0,
simple,Simple,brand,vendor equals 'Simple',1,NO,1,0,0,0,
sun-bum,Sun bum,brand,vendor equals 'Sun bum',1,NO,1,0,0,0,
tiger,Tiger,brand,vendor equals 'Tiger',1,NO,1,0,0,0,
tony-moly,Tony Moly,brand,vendor equals 'Tony Moly',1,NO,1,0,0,0,
topicream,Topicream,brand,vendor equals 'Topicream',1,NO,0,0,0,0,
tropicrem,Tropicrem,brand,vendor equals 'Tropicrem',1,NO,0,0,0,0,
viange,Viange,brand,vendor equals 'Viange',1,NO,1,0,0,0,
zapzyt,Zapzyt,brand,vendor equals 'Zapzyt',1,NO,1,0,0,0,
illiyoon,illiyoon,brand,vendor equals 'illiyoon',1,NO,1,0,0,0,
valentine-combo-deals,Valentine Combo Deals,manual_promo,"manual - hand-picked, not rule-based (ADR-007)",8,NO,8,0,0,0,
tradefair-combo-deals,Tradefair Combo Deals,manual_promo,"manual - hand-picked, not rule-based (ADR-007); consolidates the WooCommerce category 'TRADEFAIR COMBO DEAL' and the near-duplicate brand term 'TRADEFAIR COMBO DEALS'",20,NO,13,0,7,0,
combo-deals,Combo Deals,manual_promo,"manual - hand-picked, not rule-based",17,NO,17,0,0,0,
,Uncategorized (4 products),informational,"Explicitly out of the approved architecture - needs manual audit, not a 1:1 collection mapping",,,,,,,Not created automatically; ADR-009 / SHOPIFY_FOUNDATION.md
